id,query,ground_truths,status,entities,relations,symbol_candidates,results,grounding_candidates,vss_merged_candidates
3650,"I'm looking for papers with at least one shared co-author with ""A wideband electro-optic modulator based on long range surface plasmon resonances"". Ideally, these papers will also belong to the sphere of plasmonics or integrated photonics. I'm particularly interested in works that showcase photonic microwave up-conversion via long range surface plasmon resonances, similar to continuous wave laser modulation.","[1571170, 1469347, 1298695, 1524651, 1284140, 1370962, 1506835, 1265716, 1414901, 1755550]",IN_PROGRESS,"{""A"": {""type"": [""paper""], ""lexical"": {""title"": ""A wideband electro-optic modulator based on long range surface plasmon resonances""}, ""semantic"": [], ""constant"": true}, ""B"": {""type"": [""field_of_study""], ""lexical"": {""name"": ""plasmonics""}, ""semantic"": [], ""constant"": true}, ""C"": {""type"": [""field_of_study""], ""lexical"": {""name"": ""integrated photonics""}, ""semantic"": [], ""constant"": true}, ""D"": {""type"": [""author""], ""lexical"": {}, ""semantic"": [], ""constant"": false}, ""ANSWER"": {""type"": [""paper""], ""lexical"": {}, ""semantic"": [""shared co-author"", ""photonic microwave up-conversion via long range surface plasmon resonances"", ""continuous wave laser modulation""], ""constant"": false}}","{('D', 'A'): ['author___writes___paper'], ('D', 'ANSWER'): ['author___writes___paper'], ('A', 'B'): ['paper___has_topic___field_of_study'], ('A', 'C'): ['paper___has_topic___field_of_study'], ('ANSWER', 'B'): ['paper___has_topic___field_of_study'], ('ANSWER', 'C'): ['paper___has_topic___field_of_study']}",,"{'answer_list': [1219647, 1594080, 1847139, 1265709, 1449948, 1486208, 1515397, 1344586, 1388369, 1743104, 1464034, 1598815, 1722041, 1242686, 1375994, 1625958, 1727163, 1779885, 1306817, 1593424], 'answer_set': {1486208, 1743104, 1515397, 1265709, 1779885, 1722041, 1727163, 1242686, 1219647, 1306817, 1344586, 1593424, 1388369, 1449948, 1598815, 1594080, 1464034, 1847139, 1625958, 1375994}, 'ground_truth_set': {1571170, 1469347, 1298695, 1524651, 1284140, 1370962, 1506835, 1265716, 1414901, 1755550}, 'retrieved_ground_truths': set(), 'missed_ground_truths': {1571170, 1469347, 1298695, 1524651, 1284140, 1370962, 1506835, 1265716, 1414901, 1755550}, 'metrics': {'total_answers': 10, 'retrieved_count': 0, 'missed_count': 10, 'recall@50': 0.0, 'recall@20': 0.0, 'hit_at_1': 0.0, 'hit_at_5': 0.0, 'mrr': 0.0}, 'vss_merged_metrics': {'total_answers': 10, 'retrieved_count': 0, 'missed_count': 10, 'recall@50': 0.0, 'recall@20': 0.0, 'hit_at_1': 0.0, 'hit_at_5': 0.0, 'mrr': 0.0}}","[1219647, 1594080, 1847139, 1265709, 1449948, 1486208, 1515397, 1344586, 1388369, 1743104, 1464034, 1598815, 1722041, 1242686, 1375994, 1625958, 1727163, 1779885, 1306817, 1593424]","[1219647, 1594080, 1847139, 1265709, 1449948, 1486208, 1515397, 1344586, 1388369, 1743104, 1464034, 1598815, 1409777, 1219258, 1193611, 1663612, 1268257, 1598731, 1744845, 1463112]"
10579,"Find more publications from the co-authors of ""Intense EM filamentation in relativistic hot plasmas"" that delve into the principles of self-organization.","[1217473, 1643105, 1869763, 1274631, 1789259, 1594355, 1208756, 1577236, 1305628, 1399679]",IN_PROGRESS,"{""A"": {""type"": [""paper""], ""lexical"": {""title"": ""Intense EM filamentation in relativistic hot plasmas""}, ""semantic"": [], ""constant"": true}, ""B"": {""type"": [""author""], ""lexical"": {}, ""semantic"": [""co-authors of Intense EM filamentation in relativistic hot plasmas""], ""constant"": false}, ""C"": {""type"": [""field_of_study""], ""lexical"": {""name"": ""principles of self-organization""}, ""semantic"": [], ""constant"": true}, ""ANSWER"": {""type"": [""paper""], ""lexical"": {}, ""semantic"": [""publications from co-authors"", ""principles of self-organization""], ""constant"": false}}","{('B', 'A'): ['author___writes___paper'], ('B', 'ANSWER'): ['author___writes___paper'], ('A', 'C'): ['paper___has_topic___field_of_study'], ('ANSWER', 'C'): ['paper___has_topic___field_of_study']}",,"{'answer_list': [1863705, 1294054, 1406588, 1632108, 1234706, 1384972, 1367579, 1645820, 1631736, 1716873, 1397429, 1396741, 1824235, 1621062, 1273329, 1850972, 1479306, 1839407, 1577668, 1726884], 'answer_set': {1396741, 1716873, 1479306, 1384972, 1234706, 1863705, 1367579, 1406588, 1726884, 1839407, 1397429, 1577668, 1621062, 1850972, 1294054, 1824235, 1632108, 1273329, 1631736, 1645820}, 'ground_truth_set': {1217473, 1643105, 1869763, 1274631, 1789259, 1594355, 1208756, 1577236, 1305628, 1399679}, 'retrieved_ground_truths': set(), 'missed_ground_truths': {1217473, 1643105, 1869763, 1274631, 1789259, 1594355, 1208756, 1577236, 1305628, 1399679}, 'metrics': {'total_answers': 10, 'retrieved_count': 0, 'missed_count': 10, 'recall@50': 0.0, 'recall@20': 0.0, 'hit_at_1': 0.0, 'hit_at_5': 0.0, 'mrr': 0.0}, 'vss_merged_metrics': {'total_answers': 10, 'retrieved_count': 0, 'missed_count': 10, 'recall@50': 0.0, 'recall@20': 0.0, 'hit_at_1': 0.0, 'hit_at_5': 0.0, 'mrr': 0.0}}","[1863705, 1294054, 1406588, 1632108, 1234706, 1384972, 1367579, 1645820, 1631736, 1716873, 1397429, 1396741, 1824235, 1621062, 1273329, 1850972, 1479306, 1839407, 1577668, 1726884]","[1863705, 1294054, 1406588, 1632108, 1234706, 1384972, 1367579, 1645820, 1631736, 1716873, 1397429, 1396741, 1426896, 1510680, 1472102, 1354501, 1543717, 1595976, 1303253, 1362192]"
1682,"Find publications by coauthors of ""Thompson scattering in high-intensity chirped laser pulses"" which also explore the impact of spin on magnetic fields.","[1615103, 1453412, 1604165, 1242825, 1507153, 1187933, 1352251, 1220125, 1269503]",IN_PROGRESS,"{""A"": {""type"": [""paper""], ""lexical"": {""title"": ""Thompson scattering in high-intensity chirped laser pulses""}, ""semantic"": [], ""constant"": true}, ""B"": {""type"": [""author""], ""lexical"": {}, ""semantic"": [""coauthors of Thompson scattering in high-intensity chirped laser pulses""], ""constant"": false}, ""C"": {""type"": [""field_of_study""], ""lexical"": {}, ""semantic"": [""impact of spin on magnetic fields""], ""constant"": false}, ""ANSWER"": {""type"": [""paper""], ""lexical"": {}, ""semantic"": [""publications by coauthors of Thompson scattering in high-intensity chirped laser pulses"", ""explore the impact of spin on magnetic fields""], ""constant"": false}}","{('B', 'A'): ['author___writes___paper'], ('B', 'ANSWER'): ['author___writes___paper'], ('ANSWER', 'C'): ['paper___has_topic___field_of_study']}",,"{'answer_list': [1345521, 1330600, 1818809, 1270579, 1680381, 1735838, 1737400, 1502887, 1215466, 1418755, 1199554, 1391484, 1625275, 1434234, 1394896, 1558467, 1763323, 1746728, 1447155, 1476646], 'answer_set': {1418755, 1735838, 1476646, 1502887, 1330600, 1746728, 1270579, 1737400, 1818809, 1625275, 1199554, 1558467, 1394896, 1215466, 1345521, 1447155, 1434234, 1763323, 1391484, 1680381}, 'ground_truth_set': {1220125, 1453412, 1604165, 1242825, 1507153, 1269503, 1352251, 1187933, 1615103}, 'retrieved_ground_truths': set(), 'missed_ground_truths': {1220125, 1453412, 1604165, 1242825, 1507153, 1269503, 1352251, 1187933, 1615103}, 'metrics': {'total_answers': 9, 'retrieved_count': 0, 'missed_count': 9, 'recall@50': 0.0, 'recall@20': 0.0, 'hit_at_1': 0.0, 'hit_at_5': 0.0, 'mrr': 0.0}, 'vss_merged_metrics': {'total_answers': 9, 'retrieved_count': 0, 'missed_count': 9, 'recall@50': 0.0, 'recall@20': 0.0, 'hit_at_1': 0.0, 'hit_at_5': 0.0, 'mrr': 0.0}}","[1345521, 1330600, 1818809, 1270579, 1680381, 1735838, 1737400, 1502887, 1215466, 1418755, 1199554, 1391484, 1625275, 1434234, 1394896, 1558467, 1763323, 1746728, 1447155, 1476646]","[1345521, 1330600, 1818809, 1270579, 1680381, 1735838, 1737400, 1502887, 1215466, 1418755, 1199554, 1391484, 1659441, 1751716, 1455968, 1598357, 1837937, 1589757, 1614368, 1247354]"
5018,Explore published research on room temperature magnetocaloric effects by authors affiliated with Universidad Autónoma de Ciudad Juárez.,"[1357154, 1263301, 1656712, 1279852, 1412528, 1265206, 1305912, 1260633, 1650171, 1524573]",IN_PROGRESS,"{""A"": {""type"": [""institution""], ""lexical"": {""name"": ""Universidad Aut\u00f3noma de Ciudad Ju\u00e1rez""}, ""semantic"": [], ""constant"": true}, ""B"": {""type"": [""author""], ""lexical"": {}, ""semantic"": [""affiliated with Universidad Aut\u00f3noma de Ciudad Ju\u00e1rez""], ""constant"": false}, ""C"": {""type"": [""field_of_study""], ""lexical"": {""name"": ""room temperature magnetocaloric effects""}, ""semantic"": [], ""constant"": true}, ""ANSWER"": {""type"": [""paper""], ""lexical"": {}, ""semantic"": [""published research"", ""room temperature magnetocaloric effects"", ""by authors affiliated with Universidad Aut\u00f3noma de Ciudad Ju\u00e1rez""], ""constant"": false}}","{('A', 'B'): ['author___affiliated_with___institution'], ('B', 'ANSWER'): ['author___writes___paper'], ('ANSWER', 'C'): ['paper___has_topic___field_of_study']}",,"{'answer_list': [1222921, 1692302, 1234638, 1339138, 1434076, 1396402, 1238925, 1305216, 1508650, 1524573, 1302902, 1481059, 1775771, 1225389, 1173023, 1304293, 1196906, 1855860, 1690150, 1709542], 'answer_set': {1305216, 1339138, 1222921, 1238925, 1692302, 1775771, 1173023, 1690150, 1508650, 1225389, 1396402, 1234638, 1434076, 1524573, 1481059, 1304293, 1709542, 1196906, 1855860, 1302902}, 'ground_truth_set': {1357154, 1263301, 1656712, 1279852, 1412528, 1265206, 1305912, 1260633, 1650171, 1524573}, 'retrieved_ground_truths': {1524573}, 'missed_ground_truths': {1357154, 1263301, 1656712, 1279852, 1412528, 1265206, 1305912, 1260633, 1650171}, 'metrics': {'total_answers': 10, 'retrieved_count': 1, 'missed_count': 9, 'recall@50': 0.1, 'recall@20': 0.1, 'hit_at_1': 0.0, 'hit_at_5': 0.0, 'mrr': 0.1}, 'vss_merged_metrics': {'total_answers': 10, 'retrieved_count': 1, 'missed_count': 9, 'recall@50': 0.1, 'recall@20': 0.1, 'hit_at_1': 0.0, 'hit_at_5': 0.0, 'mrr': 0.1}}","[1222921, 1692302, 1234638, 1339138, 1434076, 1396402, 1238925, 1305216, 1508650, 1524573, 1302902, 1481059, 1775771, 1225389, 1173023, 1304293, 1196906, 1855860, 1690150, 1709542]","[1222921, 1692302, 1234638, 1339138, 1434076, 1396402, 1238925, 1305216, 1508650, 1524573, 1302902, 1481059, 1375305, 1205205, 1673741, 1464331, 1191754, 1793005, 1408765, 1279197]"
4821,"Search for papers with a common author to ""Fast separation of two trapped ions"", that are also within the same research domain, and discuss a methodology for examining trapped ions or akin quantum systems.","[1530211, 1359173, 1197605, 1365510, 1233895, 1413863, 1564336, 1823101, 1597087]",IN_PROGRESS,"{""A"": {""type"": [""paper""], ""lexical"": {""title"": ""Fast separation of two trapped ions""}, ""semantic"": [], ""constant"": true}, ""B"": {""type"": [""author""], ""lexical"": {}, ""semantic"": [], ""constant"": false}, ""C"": {""type"": [""field_of_study""], ""lexical"": {}, ""semantic"": [""research domain"", ""trapped ions"", ""quantum systems""], ""constant"": false}, ""ANSWER"": {""type"": [""paper""], ""lexical"": {}, ""semantic"": [""common author"", ""methodology for examining trapped ions or akin quantum systems""], ""constant"": false}}","{('B', 'A'): ['author___writes___paper'], ('B', 'ANSWER'): ['author___writes___paper'], ('A', 'C'): ['paper___has_topic___field_of_study'], ('ANSWER', 'C'): ['paper___has_topic___field_of_study']}",,"{'answer_list': [1554073, 1370761, 1492190, 1428184, 1866820, 1642888, 1537070, 1785852, 1244303, 1385120, 1750141, 1318364, 1745983, 1198425, 1830656, 1778475, 1663283, 1854988, 1723171, 1327765], 'answer_set': {1830656, 1642888, 1370761, 1854988, 1244303, 1327765, 1554073, 1385120, 1723171, 1778475, 1537070, 1663283, 1745983, 1866820, 1428184, 1198425, 1318364, 1492190, 1785852, 1750141}, 'ground_truth_set': {1530211, 1197605, 1359173, 1365510, 1233895, 1413863, 1564336, 1823101, 1597087}, 'retrieved_ground_truths': set(), 'missed_ground_truths': {1530211, 1197605, 1359173, 1365510, 1233895, 1413863, 1564336, 1823101, 1597087}, 'metrics': {'total_answers': 9, 'retrieved_count': 0, 'missed_count': 9, 'recall@50': 0.0, 'recall@20': 0.0, 'hit_at_1': 0.0, 'hit_at_5': 0.0, 'mrr': 0.0}, 'vss_merged_metrics': {'total_answers': 9, 'retrieved_count': 0, 'missed_count': 9, 'recall@50': 0.0, 'recall@20': 0.0, 'hit_at_1': 0.0, 'hit_at_5': 0.0, 'mrr': 0.0}}","[1554073, 1370761, 1492190, 1428184, 1866820, 1642888, 1537070, 1785852, 1244303, 1385120, 1750141, 1318364, 1745983, 1198425, 1830656, 1778475, 1663283, 1854988, 1723171, 1327765]","[1554073, 1370761, 1492190, 1428184, 1866820, 1642888, 1537070, 1785852, 1244303, 1385120, 1750141, 1318364, 1608033, 1552686, 1295714, 1867795, 1768858, 1785260, 1476050, 1560940]"
12017,"Search for publications co-authored by one of the authors of ""Astrophysical Rates for Explosive Nucleosynthesis: Stellar and Laboratory Rates for Exotic Nuclei"" that are within the realm of astrophysics or nuclear physics and include discussions on the configuration of fission reaction chambers for investigating nuclear reactions.","[1608952, 1264355, 1331695, 1466832, 1601684, 1659926, 1487512, 1574396, 1615838]",IN_PROGRESS,"{""A"": {""type"": [""paper""], ""lexical"": {""title"": ""Astrophysical Rates for Explosive Nucleosynthesis: Stellar and Laboratory Rates for Exotic Nuclei""}, ""semantic"": [], ""constant"": true}, ""B"": {""type"": [""author""], ""lexical"": {}, ""semantic"": [""co-author of Astrophysical Rates for Explosive Nucleosynthesis: Stellar and Laboratory Rates for Exotic Nuclei""], ""constant"": false}, ""C"": {""type"": [""field_of_study""], ""lexical"": {""name"": ""astrophysics""}, ""semantic"": [], ""constant"": true}, ""D"": {""type"": [""field_of_study""], ""lexical"": {""name"": ""nuclear physics""}, ""semantic"": [], ""constant"": true}, ""E"": {""type"": [""field_of_study""], ""lexical"": {}, ""semantic"": [""configuration of fission reaction chambers"", ""investigating nuclear reactions""], ""constant"": false}, ""ANSWER"": {""type"": [""paper""], ""lexical"": {}, ""semantic"": [""publications co-authored by one of the authors of Astrophysical Rates for Explosive Nucleosynthesis: Stellar and Laboratory Rates for Exotic Nuclei"", ""within the realm of astrophysics or nuclear physics"", ""discussions on the configuration of fission reaction chambers for investigating nuclear reactions""], ""constant"": false}}","{('B', 'A'): ['author___writes___paper'], ('B', 'ANSWER'): ['author___writes___paper'], ('A', 'C'): ['paper___has_topic___field_of_study'], ('A', 'D'): ['paper___has_topic___field_of_study'], ('ANSWER', 'C'): ['paper___has_topic___field_of_study'], ('ANSWER', 'D'): ['paper___has_topic___field_of_study'], ('ANSWER', 'E'): ['paper___has_topic___field_of_study']}",,"{'answer_list': [1554692, 1568804, 1232341, 1623750, 1383122, 1366659, 1424800, 1608951, 1454462, 1251909, 1671367, 1699401, 1384323, 1237761, 1499773, 1493236, 1543896, 1869129, 1573896, 1495511], 'answer_set': {1237761, 1366659, 1554692, 1384323, 1573896, 1424800, 1568804, 1251909, 1623750, 1671367, 1699401, 1869129, 1383122, 1232341, 1495511, 1543896, 1493236, 1608951, 1499773, 1454462}, 'ground_truth_set': {1264355, 1487512, 1331695, 1466832, 1601684, 1659926, 1608952, 1574396, 1615838}, 'retrieved_ground_truths': set(), 'missed_ground_truths': {1264355, 1487512, 1331695, 1466832, 1601684, 1659926, 1608952, 1574396, 1615838}, 'metrics': {'total_answers': 9, 'retrieved_count': 0, 'missed_count': 9, 'recall@50': 0.0, 'recall@20': 0.0, 'hit_at_1': 0.0, 'hit_at_5': 0.0, 'mrr': 0.0}, 'vss_merged_metrics': {'total_answers': 9, 'retrieved_count': 0, 'missed_count': 9, 'recall@50': 0.0, 'recall@20': 0.0, 'hit_at_1': 0.0, 'hit_at_5': 0.0, 'mrr': 0.0}}","[1554692, 1568804, 1232341, 1623750, 1383122, 1366659, 1424800, 1608951, 1454462, 1251909, 1671367, 1699401, 1384323, 1237761, 1499773, 1493236, 1543896, 1869129, 1573896, 1495511]","[1554692, 1568804, 1232341, 1623750, 1383122, 1366659, 1424800, 1608951, 1454462, 1251909, 1671367, 1699401, 1597864, 1814914, 1237761, 1853892, 1508897, 1581510, 1432502, 1253328]"
12883,"Are there any papers, sharing a coauthor with ""Searching for Beyond the Standard Model Physics with COHERENT Energy and Timing Data"", within a matching subject area that also discuss the recently identified Milky Way satellite Eridanus II?","[1203590, 1726090, 1205644, 1712404, 1403830, 1302874, 1766396, 1718271]",IN_PROGRESS,"{""A"": {""type"": [""paper""], ""lexical"": {""title"": ""Searching for Beyond the Standard Model Physics with COHERENT Energy and Timing Data""}, ""semantic"": [], ""constant"": true}, ""B"": {""type"": [""author""], ""lexical"": {}, ""semantic"": [], ""constant"": false}, ""C"": {""type"": [""field_of_study""], ""lexical"": {}, ""semantic"": [""Beyond the Standard Model Physics""], ""constant"": false}, ""D"": {""type"": [""field_of_study""], ""lexical"": {}, ""semantic"": [""Milky Way satellite Eridanus II""], ""constant"": true}, ""ANSWER"": {""type"": [""paper""], ""lexical"": {}, ""semantic"": [""sharing a coauthor"", ""matching subject area"", ""recently identified Milky Way satellite Eridanus II""], ""constant"": false}}","{('B', 'A'): ['author___writes___paper'], ('B', 'ANSWER'): ['author___writes___paper'], ('A', 'C'): ['paper___has_topic___field_of_study'], ('ANSWER', 'C'): ['paper___has_topic___field_of_study'], ('ANSWER', 'D'): ['paper___has_topic___field_of_study']}",,"{'answer_list': [1787988, 1813979, 1872165, 1857688, 1795185, 1840546, 1273293, 1748139, 1808083, 1856197, 1359822, 1729507, 1607905, 1866526, 1861984, 1672839, 1748888, 1188063, 1746856, 1853696], 'answer_set': {1853696, 1672839, 1748888, 1857688, 1866526, 1840546, 1872165, 1746856, 1748139, 1856197, 1273293, 1359822, 1808083, 1787988, 1813979, 1188063, 1861984, 1607905, 1729507, 1795185}, 'ground_truth_set': {1203590, 1726090, 1205644, 1712404, 1403830, 1302874, 1766396, 1718271}, 'retrieved_ground_truths': set(), 'missed_ground_truths': {1203590, 1726090, 1205644, 1712404, 1403830, 1302874, 1766396, 1718271}, 'metrics': {'total_answers': 8, 'retrieved_count': 0, 'missed_count': 8, 'recall@50': 0.0, 'recall@20': 0.0, 'hit_at_1': 0.0, 'hit_at_5': 0.0, 'mrr': 0.0}, 'vss_merged_metrics': {'total_answers': 8, 'retrieved_count': 2, 'missed_count': 6, 'recall@50': 0.25, 'recall@20': 0.25, 'hit_at_1': 0.0, 'hit_at_5': 0.0, 'mrr': 0.07692307692307693}}","[1787988, 1813979, 1872165, 1857688, 1795185, 1840546, 1273293, 1748139, 1808083, 1856197, 1359822, 1729507, 1607905, 1866526, 1861984, 1672839, 1748888, 1188063, 1746856, 1853696]","[1787988, 1813979, 1872165, 1857688, 1795185, 1840546, 1273293, 1748139, 1808083, 1856197, 1359822, 1729507, 1726090, 1205644, 1278448, 1396181, 1803734, 1216450, 1588055, 1330667]"
2552,"Are there any papers by the co-authors of ""Designing of a polarization beam splitter for the wavelength of 1310 nm on dual-core photonic crystal fiber with high birefringence and double-zero dispersion"" that delve further into advancements in photonic crystal fiber technology?","[1434818, 1647492, 1623854, 1185104, 1226448, 1638002, 1322006, 1633207, 1622488]",IN_PROGRESS,"{""A"": {""type"": [""paper""], ""lexical"": {""title"": ""Designing of a polarization beam splitter for the wavelength of 1310 nm on dual-core photonic crystal fiber with high birefringence and double-zero dispersion""}, ""semantic"": [], ""constant"": true}, ""B"": {""type"": [""author""], ""lexical"": {}, ""semantic"": [""co-authors of the paper""], ""constant"": false}, ""C"": {""type"": [""field_of_study""], ""lexical"": {""name"": ""photonic crystal fiber technology""}, ""semantic"": [], ""constant"": true}, ""ANSWER"": {""type"": [""paper""], ""lexical"": {}, ""semantic"": [""advancements in photonic crystal fiber technology"", ""by co-authors of the given paper""], ""constant"": false}}","{('B', 'A'): ['author___writes___paper'], ('B', 'ANSWER'): ['author___writes___paper'], ('ANSWER', 'C'): ['paper___has_topic___field_of_study']}",,"{'answer_list': [1246590, 1510817, 1733452, 1625062, 1268341, 1452600, 1467824, 1317097, 1531163, 1862917, 1667475, 1819499, 1182906, 1415545, 1465879, 1373751, 1702673, 1320325, 1392942, 1633207], 'answer_set': {1862917, 1320325, 1702673, 1667475, 1465879, 1531163, 1510817, 1392942, 1467824, 1373751, 1452600, 1633207, 1182906, 1733452, 1625062, 1317097, 1819499, 1268341, 1415545, 1246590}, 'ground_truth_set': {1434818, 1647492, 1623854, 1185104, 1226448, 1638002, 1322006, 1633207, 1622488}, 'retrieved_ground_truths': {1633207}, 'missed_ground_truths': {1434818, 1647492, 1623854, 1185104, 1226448, 1638002, 1322006, 1622488}, 'metrics': {'total_answers': 9, 'retrieved_count': 1, 'missed_count': 8, 'recall@50': 0.1111111111111111, 'recall@20': 0.1111111111111111, 'hit_at_1': 0.0, 'hit_at_5': 0.0, 'mrr': 0.05}, 'vss_merged_metrics': {'total_answers': 9, 'retrieved_count': 0, 'missed_count': 9, 'recall@50': 0.0, 'recall@20': 0.0, 'hit_at_1': 0.0, 'hit_at_5': 0.0, 'mrr': 0.0}}","[1246590, 1510817, 1733452, 1625062, 1268341, 1452600, 1467824, 1317097, 1531163, 1862917, 1667475, 1819499, 1182906, 1415545, 1465879, 1373751, 1702673, 1320325, 1392942, 1633207]","[1246590, 1510817, 1733452, 1625062, 1268341, 1452600, 1467824, 1317097, 1531163, 1862917, 1667475, 1819499, 1305119, 1406699, 1466559, 1265315, 1264517, 1773090, 1559246, 1527135]"
11238,Publications from Institut national des sciences appliquées de Rennes researchers on quantum dot laser modulation characteristics.,"[1470999, 1306469, 1665510, 1417454, 1355983, 1392599, 1324407, 1629080]",IN_PROGRESS,"{""A"": {""type"": [""institution""], ""lexical"": {""name"": ""Institut national des sciences appliqu\u00e9es de Rennes""}, ""semantic"": [], ""constant"": true}, ""B"": {""type"": [""author""], ""lexical"": {}, ""semantic"": [""Institut national des sciences appliqu\u00e9es de Rennes researchers""], ""constant"": false}, ""C"": {""type"": [""field_of_study""], ""lexical"": {""name"": ""quantum dot laser modulation characteristics""}, ""semantic"": [], ""constant"": true}, ""ANSWER"": {""type"": [""paper""], ""lexical"": {""title"": ""Publications""}, ""semantic"": [""quantum dot laser modulation characteristics"", ""Institut national des sciences appliqu\u00e9es de Rennes researchers""], ""constant"": false}}","{('A', 'B'): ['author___affiliated_with___institution'], ('B', 'ANSWER'): ['author___writes___paper'], ('ANSWER', 'C'): ['paper___has_topic___field_of_study']}",,"{'answer_list': [1392599, 1294190, 1653746, 1748533, 1470999, 1449658, 1365203, 1355983, 1284132, 1360299, 1489864, 1537348, 1664002, 1564930, 1497989, 1627110, 1790519, 1236438, 1290013, 1339366], 'answer_set': {1664002, 1564930, 1497989, 1470999, 1290013, 1284132, 1360299, 1748533, 1790519, 1449658, 1537348, 1489864, 1355983, 1365203, 1236438, 1392599, 1627110, 1339366, 1294190, 1653746}, 'ground_truth_set': {1306469, 1665510, 1417454, 1355983, 1392599, 1470999, 1629080, 1324407}, 'retrieved_ground_truths': {1392599, 1470999, 1355983}, 'missed_ground_truths': {1306469, 1665510, 1417454, 1324407, 1629080}, 'metrics': {'total_answers': 8, 'retrieved_count': 3, 'missed_count': 5, 'recall@50': 0.375, 'recall@20': 0.375, 'hit_at_1': 1.0, 'hit_at_5': 1.0, 'mrr': 1.0}, 'vss_merged_metrics': {'total_answers': 8, 'retrieved_count': 4, 'missed_count': 4, 'recall@50': 0.5, 'recall@20': 0.5, 'hit_at_1': 1.0, 'hit_at_5': 1.0, 'mrr': 1.0}}","[1392599, 1294190, 1653746, 1748533, 1470999, 1449658, 1365203, 1355983, 1284132, 1360299, 1489864, 1537348, 1664002, 1564930, 1497989, 1627110, 1790519, 1236438, 1290013, 1339366]","[1392599, 1294190, 1653746, 1748533, 1470999, 1449658, 1365203, 1355983, 1284132, 1360299, 1489864, 1537348, 1230233, 1225554, 1459566, 1256340, 1663948, 1673984, 1665510, 1319108]"
5520,"What are the references to other studies examining multi-frequency radio observations of galaxies in the work ""The clustering and bias of radio-selected AGN and star-forming galaxies in the COSMOS field""?","[1595553, 1710844, 1691333, 1741190, 1427437, 1581391, 1616277, 1745973, 1629943, 1402137, 1582268, 1566206]",IN_PROGRESS,"{""A"": {""type"": [""paper""], ""lexical"": {""title"": ""The clustering and bias of radio-selected AGN and star-forming galaxies in the COSMOS field""}, ""semantic"": [], ""constant"": true}, ""B"": {""type"": [""field_of_study""], ""lexical"": {""name"": ""multi-frequency radio observations of galaxies""}, ""semantic"": [], ""constant"": true}, ""ANSWER"": {""type"": [""paper""], ""lexical"": {}, ""semantic"": [""references to other studies"", ""examining multi-frequency radio observations of galaxies""], ""constant"": false}}","{('A', 'B'): ['paper___has_topic___field_of_study'], ('A', 'ANSWER'): ['paper___cites___paper'], ('ANSWER', 'B'): ['paper___has_topic___field_of_study']}",,"{'answer_list': [1402478, 1223687, 1796010, 1434429, 1488298, 1608693, 1578994, 1568797, 1595553, 1290010, 1741190, 1327822, 1596855, 1345123, 1581391, 1840367, 1691622, 1836881, 1691333, 1745973], 'answer_set': {1741190, 1223687, 1290010, 1568797, 1595553, 1488298, 1796010, 1745973, 1596855, 1434429, 1691333, 1327822, 1581391, 1836881, 1345123, 1691622, 1402478, 1840367, 1578994, 1608693}, 'ground_truth_set': {1595553, 1691333, 1741190, 1427437, 1581391, 1582268, 1616277, 1745973, 1629943, 1402137, 1710844, 1566206}, 'retrieved_ground_truths': {1595553, 1691333, 1741190, 1581391, 1745973}, 'missed_ground_truths': {1710844, 1427437, 1616277, 1629943, 1402137, 1582268, 1566206}, 'metrics': {'total_answers': 12, 'retrieved_count': 5, 'missed_count': 7, 'recall@50': 0.4166666666666667, 'recall@20': 0.4166666666666667, 'hit_at_1': 0.0, 'hit_at_5': 0.0, 'mrr': 0.1111111111111111}, 'vss_merged_metrics': {'total_answers': 12, 'retrieved_count': 2, 'missed_count': 10, 'recall@50': 0.16666666666666666, 'recall@20': 0.16666666666666666, 'hit_at_1': 0.0, 'hit_at_5': 0.0, 'mrr': 0.1111111111111111}}","[1402478, 1223687, 1796010, 1434429, 1488298, 1608693, 1578994, 1568797, 1595553, 1290010, 1741190, 1327822, 1596855, 1345123, 1581391, 1840367, 1691622, 1836881, 1691333, 1745973]","[1402478, 1223687, 1796010, 1434429, 1488298, 1608693, 1578994, 1568797, 1595553, 1290010, 1741190, 1327822, 1774194, 1591797, 1198267, 1751258, 1572044, 1200088, 1718322, 1763330]"
13011,Could you show me some papers that delve into quantum reasoning and its applications within the Principle of locality field?,"[1626369, 1690011, 1211167, 1235105, 1176744, 1576233, 1578293, 1219383, 1611064, 1197880, 1482299, 1636161, 1377224, 1498193, 1602392, 1270758, 1612021, 1185530, 1333115, 1615997]",IN_PROGRESS,"{""A"": {""type"": [""field_of_study""], ""lexical"": {""name"": ""Principle of locality""}, ""semantic"": [], ""constant"": true}, ""B"": {""type"": [""field_of_study""], ""lexical"": {""name"": ""quantum reasoning""}, ""semantic"": [], ""constant"": true}, ""ANSWER"": {""type"": [""paper""], ""lexical"": {}, ""semantic"": [""quantum reasoning"", ""its applications"", ""within the Principle of locality field""], ""constant"": false}}","{('ANSWER', 'A'): ['paper___has_topic___field_of_study'], ('ANSWER', 'B'): ['paper___has_topic___field_of_study']}",,"{'answer_list': [1313869, 1422596, 1333115, 1611064, 1270758, 1578293, 1576233, 1185530, 1615997, 1779816, 1498193, 1197880, 1612021, 1211167, 1176744, 1636161, 1361475, 1326001, 1366453, 1278521], 'answer_set': {1422596, 1211167, 1176744, 1576233, 1326001, 1578293, 1366453, 1197880, 1611064, 1278521, 1636161, 1361475, 1313869, 1498193, 1270758, 1779816, 1612021, 1185530, 1333115, 1615997}, 'ground_truth_set': {1626369, 1690011, 1211167, 1235105, 1176744, 1576233, 1578293, 1219383, 1197880, 1611064, 1482299, 1636161, 1377224, 1498193, 1602392, 1270758, 1612021, 1185530, 1333115, 1615997}, 'retrieved_ground_truths': {1636161, 1611064, 1270758, 1176744, 1576233, 1498193, 1578293, 1612021, 1197880, 1185530, 1333115, 1615997, 1211167}, 'missed_ground_truths': {1626369, 1235105, 1377224, 1219383, 1602392, 1482299, 1690011}, 'metrics': {'total_answers': 20, 'retrieved_count': 13, 'missed_count': 7, 'recall@50': 0.65, 'recall@20': 0.65, 'hit_at_1': 0.0, 'hit_at_5': 1.0, 'mrr': 0.3333333333333333}, 'vss_merged_metrics': {'total_answers': 20, 'retrieved_count': 9, 'missed_count': 11, 'recall@50': 0.45, 'recall@20': 0.45, 'hit_at_1': 0.0, 'hit_at_5': 1.0, 'mrr': 0.3333333333333333}}","[1313869, 1422596, 1333115, 1611064, 1270758, 1578293, 1576233, 1185530, 1615997, 1779816, 1498193, 1197880, 1612021, 1211167, 1176744, 1636161, 1361475, 1326001, 1366453, 1278521]","[1313869, 1422596, 1333115, 1611064, 1270758, 1578293, 1576233, 1185530, 1615997, 1779816, 1498193, 1197880, 1190112, 1191353, 1556981, 1590718, 1577861, 1818713, 1216628, 1345727]"
2305,Does the National Institute of Technology in Durgapur have any publications on the properties and characterization of nanocrystalline materials?,"[1476098, 1569186, 1452387, 1453732, 1400843, 1387515]",IN_PROGRESS,"{""A"": {""type"": [""institution""], ""lexical"": {""name"": ""National Institute of Technology in Durgapur""}, ""semantic"": [], ""constant"": true}, ""B"": {""type"": [""field_of_study""], ""lexical"": {""name"": ""nanocrystalline materials""}, ""semantic"": [""properties and characterization""], ""constant"": true}, ""ANSWER"": {""type"": [""paper""], ""lexical"": {}, ""semantic"": [""publications on the properties and characterization of nanocrystalline materials""], ""constant"": false}}","{('A', 'ANSWER'): ['author___affiliated_with___institution'], ('ANSWER', 'B'): ['paper___has_topic___field_of_study']}",,"{'answer_list': [1246418, 1265659, 1439357, 1339824, 1765118, 1369886, 1725338, 1285202, 1448266, 1314575, 1246505, 1406119, 1416615, 1468196, 1868439, 1439181, 1388855, 1697559, 1714942, 1782669], 'answer_set': {1782669, 1314575, 1697559, 1868439, 1725338, 1369886, 1468196, 1406119, 1416615, 1246505, 1339824, 1388855, 1448266, 1439181, 1246418, 1285202, 1765118, 1265659, 1439357, 1714942}, 'ground_truth_set': {1569186, 1476098, 1452387, 1453732, 1400843, 1387515}, 'retrieved_ground_truths': set(), 'missed_ground_truths': {1569186, 1476098, 1452387, 1453732, 1387515, 1400843}, 'metrics': {'total_answers': 6, 'retrieved_count': 0, 'missed_count': 6, 'recall@50': 0.0, 'recall@20': 0.0, 'hit_at_1': 0.0, 'hit_at_5': 0.0, 'mrr': 0.0}, 'vss_merged_metrics': {'total_answers': 6, 'retrieved_count': 0, 'missed_count': 6, 'recall@50': 0.0, 'recall@20': 0.0, 'hit_at_1': 0.0, 'hit_at_5': 0.0, 'mrr': 0.0}}","[1246418, 1265659, 1439357, 1339824, 1765118, 1369886, 1725338, 1285202, 1448266, 1314575, 1246505, 1406119, 1416615, 1468196, 1868439, 1439181, 1388855, 1697559, 1714942, 1782669]","[1246418, 1265659, 1439357, 1339824, 1765118, 1369886, 1725338, 1285202, 1448266, 1314575, 1246505, 1406119, 1572130, 1587988, 1228432, 1365732, 1595223, 1227050, 1309135, 1615073]"
9572,Are there any papers sharing a coauthor with 'Vector Monte Carlo simulations on atmospheric scattering of polarization qubits' that also fall within the field of silicon photonics and discuss related silicon photonic devices?,"[1708615, 1764968, 1776890, 1741425, 1804789, 1742874, 1839454]",IN_PROGRESS,"{""A"": {""type"": [""paper""], ""lexical"": {""title"": ""Vector Monte Carlo simulations on atmospheric scattering of polarization qubits""}, ""semantic"": [], ""constant"": true}, ""B"": {""type"": [""author""], ""lexical"": {}, ""semantic"": [], ""constant"": false}, ""C"": {""type"": [""field_of_study""], ""lexical"": {""name"": ""silicon photonics""}, ""semantic"": [], ""constant"": true}, ""ANSWER"": {""type"": [""paper""], ""lexical"": {}, ""semantic"": [""sharing a coauthor"", ""silicon photonic devices""], ""constant"": false}}","{('B', 'A'): ['author___writes___paper'], ('B', 'ANSWER'): ['author___writes___paper'], ('ANSWER', 'C'): ['paper___has_topic___field_of_study']}",,"{'answer_list': [1609983, 1357530, 1332161, 1402032, 1676779, 1742874, 1524655, 1850243, 1517852, 1508054, 1253288, 1489168, 1266941, 1297279, 1344825, 1505897, 1182266, 1275900, 1703188, 1249920], 'answer_set': {1249920, 1850243, 1609983, 1489168, 1703188, 1742874, 1517852, 1253288, 1524655, 1402032, 1344825, 1182266, 1332161, 1508054, 1357530, 1505897, 1676779, 1275900, 1266941, 1297279}, 'ground_truth_set': {1742874, 1708615, 1764968, 1741425, 1804789, 1776890, 1839454}, 'retrieved_ground_truths': {1742874}, 'missed_ground_truths': {1708615, 1764968, 1741425, 1804789, 1776890, 1839454}, 'metrics': {'total_answers': 7, 'retrieved_count': 1, 'missed_count': 6, 'recall@50': 0.14285714285714285, 'recall@20': 0.14285714285714285, 'hit_at_1': 0.0, 'hit_at_5': 0.0, 'mrr': 0.16666666666666666}, 'vss_merged_metrics': {'total_answers': 7, 'retrieved_count': 1, 'missed_count': 6, 'recall@50': 0.14285714285714285, 'recall@20': 0.14285714285714285, 'hit_at_1': 0.0, 'hit_at_5': 0.0, 'mrr': 0.16666666666666666}}","[1609983, 1357530, 1332161, 1402032, 1676779, 1742874, 1524655, 1850243, 1517852, 1508054, 1253288, 1489168, 1266941, 1297279, 1344825, 1505897, 1182266, 1275900, 1703188, 1249920]","[1609983, 1357530, 1332161, 1402032, 1676779, 1742874, 1524655, 1850243, 1517852, 1508054, 1253288, 1489168, 1355649, 1328460, 1689382, 1477894, 1566619, 1381317, 1243200, 1299920]"
6877,"I'm looking for papers with a shared authorship with ""Passive-scheme analysis for solving the untrusted source problem in quantum key distribution"", which additionally delve into the analysis of beam wander effects or are related to the same field concerning how these effects can influence quantum key distribution systems. This is with the aim of exploring future research collaborations with authors experienced in this topic, particularly as it pertains to resolving potential issues that untrusted sources may cause.","[1417195, 1544657, 1398200, 1451709, 1521085]",IN_PROGRESS,"{""A"": {""type"": [""paper""], ""lexical"": {""title"": ""Passive-scheme analysis for solving the untrusted source problem in quantum key distribution""}, ""semantic"": [], ""constant"": true}, ""B"": {""type"": [""author""], ""lexical"": {}, ""semantic"": [""experienced in beam wander effects and quantum key distribution""], ""constant"": false}, ""C"": {""type"": [""field_of_study""], ""lexical"": {""name"": ""quantum key distribution""}, ""semantic"": [""beam wander effects"", ""untrusted sources""], ""constant"": true}, ""ANSWER"": {""type"": [""paper""], ""lexical"": {}, ""semantic"": [""shared authorship"", ""analysis of beam wander effects"", ""quantum key distribution systems""], ""constant"": false}}","{('B', 'A'): ['author___writes___paper'], ('B', 'ANSWER'): ['author___writes___paper'], ('A', 'C'): ['paper___has_topic___field_of_study'], ('ANSWER', 'C'): ['paper___has_topic___field_of_study'], ('B', 'C'): ['author___affiliated_with___institution']}",,"{'answer_list': [1424144, 1245918, 1328059, 1541117, 1312579, 1493687, 1851304, 1391801, 1537056, 1482328, 1245516, 1691467, 1858072, 1499024, 1579207, 1230025, 1784873, 1392276, 1468245, 1277085], 'answer_set': {1424144, 1499024, 1392276, 1858072, 1277085, 1537056, 1851304, 1784873, 1493687, 1391801, 1328059, 1312579, 1579207, 1230025, 1691467, 1245516, 1468245, 1482328, 1245918, 1541117}, 'ground_truth_set': {1417195, 1544657, 1398200, 1451709, 1521085}, 'retrieved_ground_truths': set(), 'missed_ground_truths': {1544657, 1398200, 1417195, 1451709, 1521085}, 'metrics': {'total_answers': 5, 'retrieved_count': 0, 'missed_count': 5, 'recall@50': 0.0, 'recall@20': 0.0, 'hit_at_1': 0.0, 'hit_at_5': 0.0, 'mrr': 0.0}, 'vss_merged_metrics': {'total_answers': 5, 'retrieved_count': 0, 'missed_count': 5, 'recall@50': 0.0, 'recall@20': 0.0, 'hit_at_1': 0.0, 'hit_at_5': 0.0, 'mrr': 0.0}}","[1424144, 1245918, 1328059, 1541117, 1312579, 1493687, 1851304, 1391801, 1537056, 1482328, 1245516, 1691467, 1858072, 1499024, 1579207, 1230025, 1784873, 1392276, 1468245, 1277085]","[1424144, 1245918, 1328059, 1541117, 1312579, 1493687, 1851304, 1391801, 1537056, 1482328, 1245516, 1691467, 1761559, 1784312, 1194492, 1749775, 1368062, 1678079, 1846646, 1195233]"
734,Does any research from Cégep de l'Outaouais explore novel imaging techniques in Optics?,"[1738499, 1229416, 1719921, 1479836, 1411070]",IN_PROGRESS,"{""A"": {""type"": [""institution""], ""lexical"": {""name"": ""C\u00e9gep de l'Outaouais""}, ""semantic"": [], ""constant"": true}, ""B"": {""type"": [""field_of_study""], ""lexical"": {""name"": ""Optics""}, ""semantic"": [], ""constant"": true}, ""C"": {""type"": [""author""], ""lexical"": {}, ""semantic"": [], ""constant"": false}, ""ANSWER"": {""type"": [""paper""], ""lexical"": {}, ""semantic"": [""novel imaging techniques"", ""research from C\u00e9gep de l'Outaouais"", ""in Optics""], ""constant"": false}}","{('A', 'C'): ['author___affiliated_with___institution'], ('C', 'ANSWER'): ['author___writes___paper'], ('ANSWER', 'B'): ['paper___has_topic___field_of_study']}",,"{'answer_list': [1809886, 1283515, 1427372, 1456171, 1668696, 1501820, 1603570, 1179872, 1787959, 1450508, 1229416, 1479836, 1411070, 1534605, 1738499, 1176018, 1176309, 1719921, 1606964, 1509285], 'answer_set': {1738499, 1450508, 1534605, 1479836, 1509285, 1456171, 1427372, 1606964, 1787959, 1283515, 1176018, 1668696, 1809886, 1179872, 1229416, 1719921, 1603570, 1176309, 1501820, 1411070}, 'ground_truth_set': {1738499, 1229416, 1719921, 1479836, 1411070}, 'retrieved_ground_truths': {1738499, 1229416, 1719921, 1479836, 1411070}, 'missed_ground_truths': set(), 'metrics': {'total_answers': 5, 'retrieved_count': 5, 'missed_count': 0, 'recall@50': 1.0, 'recall@20': 1.0, 'hit_at_1': 0.0, 'hit_at_5': 0.0, 'mrr': 0.09090909090909091}, 'vss_merged_metrics': {'total_answers': 5, 'retrieved_count': 2, 'missed_count': 3, 'recall@50': 0.4, 'recall@20': 0.4, 'hit_at_1': 0.0, 'hit_at_5': 0.0, 'mrr': 0.09090909090909091}}","[1809886, 1283515, 1427372, 1456171, 1668696, 1501820, 1603570, 1179872, 1787959, 1450508, 1229416, 1479836, 1411070, 1534605, 1738499, 1176018, 1176309, 1719921, 1606964, 1509285]","[1809886, 1283515, 1427372, 1456171, 1668696, 1501820, 1603570, 1179872, 1787959, 1450508, 1229416, 1479836, 1359688, 1585071, 1335285, 1660995, 1493882, 1231938, 1340660, 1660088]"
13234,Show me publications on gravity theories from the co-authors involved in the 'Extensions of Lorentzian spacetime geometry: From Finsler to Cartan and vice versa' paper.,"[1642503, 1700246, 1856792, 1845017, 1553693, 1551773, 1825696, 1336614, 1819951, 1203383, 1859512, 1794501, 1626571, 1189837, 1484110, 1821418, 1785459, 1857012, 1841529]",IN_PROGRESS,"{""A"": {""type"": [""paper""], ""lexical"": {""title"": ""Extensions of Lorentzian spacetime geometry: From Finsler to Cartan and vice versa""}, ""semantic"": [], ""constant"": true}, ""B"": {""type"": [""author""], ""lexical"": {}, ""semantic"": [""co-authors of 'Extensions of Lorentzian spacetime geometry: From Finsler to Cartan and vice versa'""], ""constant"": false}, ""C"": {""type"": [""field_of_study""], ""lexical"": {""name"": ""gravity theories""}, ""semantic"": [], ""constant"": true}, ""ANSWER"": {""type"": [""paper""], ""lexical"": {}, ""semantic"": [""publications on gravity theories from co-authors of 'Extensions of Lorentzian spacetime geometry: From Finsler to Cartan and vice versa'""], ""constant"": false}}","{('B', 'A'): ['author___writes___paper'], ('B', 'ANSWER'): ['author___writes___paper'], ('ANSWER', 'C'): ['paper___has_topic___field_of_study']}",,"{'answer_list': [1553693, 1755614, 1526715, 1562573, 1642503, 1785459, 1515276, 1586870, 1845017, 1794501, 1630238, 1857012, 1841529, 1626571, 1821418, 1825696, 1859512, 1189837, 1856792, 1336614], 'answer_set': {1642503, 1515276, 1856792, 1845017, 1553693, 1630238, 1825696, 1336614, 1586870, 1859512, 1526715, 1794501, 1626571, 1562573, 1189837, 1755614, 1821418, 1785459, 1857012, 1841529}, 'ground_truth_set': {1642503, 1700246, 1856792, 1845017, 1553693, 1551773, 1825696, 1336614, 1819951, 1203383, 1859512, 1794501, 1626571, 1189837, 1484110, 1821418, 1785459, 1857012, 1841529}, 'retrieved_ground_truths': {1825696, 1794501, 1336614, 1642503, 1841529, 1821418, 1626571, 1189837, 1785459, 1857012, 1859512, 1856792, 1845017, 1553693}, 'missed_ground_truths': {1484110, 1819951, 1700246, 1203383, 1551773}, 'metrics': {'total_answers': 19, 'retrieved_count': 14, 'missed_count': 5, 'recall@50': 0.7368421052631579, 'recall@20': 0.7368421052631579, 'hit_at_1': 1.0, 'hit_at_5': 1.0, 'mrr': 1.0}, 'vss_merged_metrics': {'total_answers': 19, 'retrieved_count': 6, 'missed_count': 13, 'recall@50': 0.3157894736842105, 'recall@20': 0.3157894736842105, 'hit_at_1': 1.0, 'hit_at_5': 1.0, 'mrr': 1.0}}","[1553693, 1755614, 1526715, 1562573, 1642503, 1785459, 1515276, 1586870, 1845017, 1794501, 1630238, 1857012, 1841529, 1626571, 1821418, 1825696, 1859512, 1189837, 1856792, 1336614]","[1553693, 1755614, 1526715, 1562573, 1642503, 1785459, 1515276, 1586870, 1845017, 1794501, 1630238, 1857012, 1210939, 1346923, 1306691, 1483062, 1528449, 1853141, 1394814, 1237782]"
5921,"Could you find recent papers, preferably from the last 5 years, which discuss the creation and characteristics of liquid crystals containing the heterocyclic ring of 1,2,3-Triazole? I am specifically keen on studies that investigate their utility in applications like LCD technology.","[1495786, 1823723, 1578636, 1379026, 1200722]",IN_PROGRESS,"{""A"": {""type"": [""field_of_study""], ""lexical"": {""name"": ""liquid crystals""}, ""semantic"": [], ""constant"": true}, ""B"": {""type"": [""field_of_study""], ""lexical"": {""name"": ""LCD technology""}, ""semantic"": [], ""constant"": true}, ""C"": {""type"": [""field_of_study""], ""lexical"": {""name"": ""1,2,3-Triazole""}, ""semantic"": [], ""constant"": true}, ""ANSWER"": {""type"": [""paper""], ""lexical"": {}, ""semantic"": [""recent papers"", ""last 5 years"", ""creation and characteristics of liquid crystals"", ""utility in applications like LCD technology""], ""constant"": false}}","{('A', 'ANSWER'): ['paper___has_topic___field_of_study'], ('B', 'ANSWER'): ['paper___has_topic___field_of_study'], ('C', 'ANSWER'): ['paper___has_topic___field_of_study']}",,"{'answer_list': [1465173, 1189693, 1717962, 1232832, 1276292, 1693252, 1362909, 1393498, 1734244, 1517640, 1398353, 1717720, 1305455, 1590420, 1828860, 1586901, 1700420, 1422250, 1238282, 1760118], 'answer_set': {1276292, 1238282, 1590420, 1422250, 1189693, 1232832, 1693252, 1700420, 1517640, 1717962, 1398353, 1465173, 1586901, 1717720, 1393498, 1362909, 1734244, 1305455, 1760118, 1828860}, 'ground_truth_set': {1495786, 1823723, 1578636, 1379026, 1200722}, 'retrieved_ground_truths': set(), 'missed_ground_truths': {1379026, 1200722, 1495786, 1823723, 1578636}, 'metrics': {'total_answers': 5, 'retrieved_count': 0, 'missed_count': 5, 'recall@50': 0.0, 'recall@20': 0.0, 'hit_at_1': 0.0, 'hit_at_5': 0.0, 'mrr': 0.0}, 'vss_merged_metrics': {'total_answers': 5, 'retrieved_count': 0, 'missed_count': 5, 'recall@50': 0.0, 'recall@20': 0.0, 'hit_at_1': 0.0, 'hit_at_5': 0.0, 'mrr': 0.0}}","[1465173, 1189693, 1717962, 1232832, 1276292, 1693252, 1362909, 1393498, 1734244, 1517640, 1398353, 1717720, 1305455, 1590420, 1828860, 1586901, 1700420, 1422250, 1238282, 1760118]","[1465173, 1189693, 1717962, 1232832, 1276292, 1693252, 1362909, 1393498, 1734244, 1517640, 1398353, 1717720, 1582579, 1253065, 1177585, 1218712, 1398430, 1653495, 1262370, 1643759]"
6072,"What are the papers referenced in ""Analytical eigenstates for the quantum Rabi model"" that also discuss interactions between quantum systems?","[1423526, 1511783, 1503912, 1541868, 1535184, 1225430, 1315063, 1537855]",IN_PROGRESS,"{""A"": {""type"": [""paper""], ""lexical"": {""title"": ""Analytical eigenstates for the quantum Rabi model""}, ""semantic"": [], ""constant"": true}, ""B"": {""type"": [""field_of_study""], ""lexical"": {}, ""semantic"": [""interactions between quantum systems""], ""constant"": false}, ""ANSWER"": {""type"": [""paper""], ""lexical"": {}, ""semantic"": [""referenced in Analytical eigenstates for the quantum Rabi model"", ""discuss interactions between quantum systems""], ""constant"": false}}","{('A', 'ANSWER'): ['paper___cites___paper'], ('ANSWER', 'B'): ['paper___has_topic___field_of_study']}",,"{'answer_list': [1225430, 1818535, 1372887, 1445543, 1827622, 1669751, 1542691, 1755383, 1307807, 1613270, 1631645, 1541868, 1511783, 1828354, 1449587, 1578298, 1483679, 1687821, 1459034, 1216361], 'answer_set': {1828354, 1687821, 1755383, 1631645, 1483679, 1307807, 1542691, 1827622, 1445543, 1818535, 1578298, 1225430, 1372887, 1613270, 1459034, 1511783, 1216361, 1541868, 1449587, 1669751}, 'ground_truth_set': {1423526, 1511783, 1503912, 1541868, 1535184, 1225430, 1315063, 1537855}, 'retrieved_ground_truths': {1541868, 1225430, 1511783}, 'missed_ground_truths': {1423526, 1503912, 1535184, 1315063, 1537855}, 'metrics': {'total_answers': 8, 'retrieved_count': 3, 'missed_count': 5, 'recall@50': 0.375, 'recall@20': 0.375, 'hit_at_1': 1.0, 'hit_at_5': 1.0, 'mrr': 1.0}, 'vss_merged_metrics': {'total_answers': 8, 'retrieved_count': 2, 'missed_count': 6, 'recall@50': 0.25, 'recall@20': 0.25, 'hit_at_1': 1.0, 'hit_at_5': 1.0, 'mrr': 1.0}}","[1225430, 1818535, 1372887, 1445543, 1827622, 1669751, 1542691, 1755383, 1307807, 1613270, 1631645, 1541868, 1511783, 1828354, 1449587, 1578298, 1483679, 1687821, 1459034, 1216361]","[1225430, 1818535, 1372887, 1445543, 1827622, 1669751, 1542691, 1755383, 1307807, 1613270, 1631645, 1541868, 1583939, 1858650, 1521769, 1265723, 1283685, 1703627, 1828354, 1624235]"
4652,Show me papers authored by Higher Technological Institute researchers on the topic of soliton wave solutions.,"[1872688, 1859666, 1859059, 1855707]",IN_PROGRESS,"{""A"": {""type"": [""institution""], ""lexical"": {""name"": ""Higher Technological Institute""}, ""semantic"": [], ""constant"": true}, ""B"": {""type"": [""field_of_study""], ""lexical"": {""name"": ""soliton wave solutions""}, ""semantic"": [], ""constant"": true}, ""C"": {""type"": [""author""], ""lexical"": {}, ""semantic"": [""Higher Technological Institute researchers""], ""constant"": false}, ""ANSWER"": {""type"": [""paper""], ""lexical"": {}, ""semantic"": [""papers authored by Higher Technological Institute researchers on the topic of soliton wave solutions""], ""constant"": false}}","{('A', 'C'): ['author___affiliated_with___institution'], ('C', 'ANSWER'): ['author___writes___paper'], ('ANSWER', 'B'): ['paper___has_topic___field_of_study']}",,"{'answer_list': [1515483, 1786994, 1796094, 1656815, 1249597, 1781695, 1559239, 1273853, 1738300, 1786564, 1533993, 1857291, 1797911, 1758363, 1743516, 1744044, 1782359, 1458483, 1318764, 1588855], 'answer_set': {1857291, 1797911, 1758363, 1743516, 1533993, 1744044, 1458483, 1738300, 1249597, 1781695, 1786564, 1559239, 1782359, 1515483, 1318764, 1656815, 1786994, 1588855, 1273853, 1796094}, 'ground_truth_set': {1872688, 1859666, 1859059, 1855707}, 'retrieved_ground_truths': set(), 'missed_ground_truths': {1872688, 1859666, 1859059, 1855707}, 'metrics': {'total_answers': 4, 'retrieved_count': 0, 'missed_count': 4, 'recall@50': 0.0, 'recall@20': 0.0, 'hit_at_1': 0.0, 'hit_at_5': 0.0, 'mrr': 0.0}, 'vss_merged_metrics': {'total_answers': 4, 'retrieved_count': 0, 'missed_count': 4, 'recall@50': 0.0, 'recall@20': 0.0, 'hit_at_1': 0.0, 'hit_at_5': 0.0, 'mrr': 0.0}}","[1515483, 1786994, 1796094, 1656815, 1249597, 1781695, 1559239, 1273853, 1738300, 1786564, 1533993, 1857291, 1797911, 1758363, 1743516, 1744044, 1782359, 1458483, 1318764, 1588855]","[1515483, 1786994, 1796094, 1656815, 1249597, 1781695, 1559239, 1273853, 1738300, 1786564, 1533993, 1857291, 1642366, 1671547, 1795536, 1458483, 1414891, 1186397, 1665410, 1736031]"
6455,Search for publications by Marco Breschi on thermal properties.,"[1666821, 1663302, 1654567, 1522057, 1450410, 1639372, 1748887, 1556310, 1339222, 1428799]",IN_PROGRESS,"{""A"": {""type"": [""author""], ""lexical"": {""name"": ""Marco Breschi""}, ""semantic"": [], ""constant"": true}, ""B"": {""type"": [""field_of_study""], ""lexical"": {""name"": ""thermal properties""}, ""semantic"": [], ""constant"": true}, ""ANSWER"": {""type"": [""paper""], ""lexical"": {}, ""semantic"": [""publications by Marco Breschi on thermal properties""], ""constant"": false}}","{('A', 'ANSWER'): ['author___writes___paper'], ('ANSWER', 'B'): ['paper___has_topic___field_of_study']}",,"{'answer_list': [1648184, 1666821, 1663302, 1663988, 1428799, 1450410, 1215154, 1770574, 1639372, 1556310, 1481702, 1758651, 1559832, 1746651, 1604159, 1739382, 1367441, 1428689, 1849236, 1461696], 'answer_set': {1666821, 1367441, 1849236, 1559832, 1450410, 1215154, 1648184, 1758651, 1604159, 1428799, 1461696, 1663302, 1639372, 1770574, 1428689, 1556310, 1746651, 1481702, 1663988, 1739382}, 'ground_truth_set': {1666821, 1663302, 1654567, 1522057, 1450410, 1639372, 1556310, 1748887, 1339222, 1428799}, 'retrieved_ground_truths': {1666821, 1663302, 1450410, 1639372, 1556310, 1428799}, 'missed_ground_truths': {1748887, 1522057, 1339222, 1654567}, 'metrics': {'total_answers': 10, 'retrieved_count': 6, 'missed_count': 4, 'recall@50': 0.6, 'recall@20': 0.6, 'hit_at_1': 0.0, 'hit_at_5': 1.0, 'mrr': 0.5}, 'vss_merged_metrics': {'total_answers': 10, 'retrieved_count': 6, 'missed_count': 4, 'recall@50': 0.6, 'recall@20': 0.6, 'hit_at_1': 0.0, 'hit_at_5': 1.0, 'mrr': 0.5}}","[1648184, 1666821, 1663302, 1663988, 1428799, 1450410, 1215154, 1770574, 1639372, 1556310, 1481702, 1758651, 1559832, 1746651, 1604159, 1739382, 1367441, 1428689, 1849236, 1461696]","[1648184, 1666821, 1663302, 1663988, 1428799, 1450410, 1215154, 1770574, 1639372, 1556310, 1481702, 1758651, 1422414, 1260327, 1473862, 1384645, 1267816, 1389442, 1259419, 1502668]"
11913,"Looking for papers having a coauthor in common with ""Quantitative analysis of strain distribution in InAs/InAs1−xSbx superlattices"", within the same research discipline, and suggesting a novel FPA architecture.","[1502074, 1408635, 1403068, 1273941]",IN_PROGRESS,"{""A"": {""type"": [""paper""], ""lexical"": {""title"": ""Quantitative analysis of strain distribution in InAs/InAs1\u2212xSbx superlattices""}, ""semantic"": [], ""constant"": true}, ""B"": {""type"": [""author""], ""lexical"": {}, ""semantic"": [], ""constant"": false}, ""C"": {""type"": [""field_of_study""], ""lexical"": {}, ""semantic"": [""same research discipline""], ""constant"": false}, ""ANSWER"": {""type"": [""paper""], ""lexical"": {}, ""semantic"": [""coauthor in common"", ""novel FPA architecture""], ""constant"": false}}","{('B', 'A'): ['author___writes___paper'], ('B', 'ANSWER'): ['author___writes___paper'], ('A', 'C'): ['paper___has_topic___field_of_study'], ('ANSWER', 'C'): ['paper___has_topic___field_of_study']}",,"{'answer_list': [1554268, 1687620, 1267454, 1782943, 1780035, 1491475, 1235654, 1494160, 1525426, 1675985, 1288747, 1623335, 1230352, 1309010, 1315482, 1550685, 1497712, 1222212, 1818594, 1312522], 'answer_set': {1312522, 1494160, 1230352, 1491475, 1315482, 1782943, 1623335, 1288747, 1525426, 1780035, 1687620, 1222212, 1235654, 1675985, 1309010, 1554268, 1550685, 1818594, 1497712, 1267454}, 'ground_truth_set': {1502074, 1408635, 1403068, 1273941}, 'retrieved_ground_truths': set(), 'missed_ground_truths': {1502074, 1408635, 1403068, 1273941}, 'metrics': {'total_answers': 4, 'retrieved_count': 0, 'missed_count': 4, 'recall@50': 0.0, 'recall@20': 0.0, 'hit_at_1': 0.0, 'hit_at_5': 0.0, 'mrr': 0.0}, 'vss_merged_metrics': {'total_answers': 4, 'retrieved_count': 0, 'missed_count': 4, 'recall@50': 0.0, 'recall@20': 0.0, 'hit_at_1': 0.0, 'hit_at_5': 0.0, 'mrr': 0.0}}","[1554268, 1687620, 1267454, 1782943, 1780035, 1491475, 1235654, 1494160, 1525426, 1675985, 1288747, 1623335, 1230352, 1309010, 1315482, 1550685, 1497712, 1222212, 1818594, 1312522]","[1554268, 1687620, 1267454, 1782943, 1780035, 1491475, 1235654, 1494160, 1525426, 1675985, 1288747, 1623335, 1497712, 1715298, 1362390, 1439186, 1741165, 1533321, 1260711, 1250249]"
9078,"What research papers studying early uses of graphene are referenced in the paper titled ""Graphene-Oxide-Based Q-Switched Fiber Laser with Stable Five-Wavelength Operation""?","[1515264, 1266340, 1263624, 1409578, 1329710, 1373424, 1425778, 1561138, 1534196, 1589975, 1302682, 1321855]",IN_PROGRESS,"{""A"": {""type"": [""paper""], ""lexical"": {""title"": ""Graphene-Oxide-Based Q-Switched Fiber Laser with Stable Five-Wavelength Operation""}, ""semantic"": [], ""constant"": true}, ""B"": {""type"": [""field_of_study""], ""lexical"": {""name"": ""graphene""}, ""semantic"": [""early uses""], ""constant"": true}, ""ANSWER"": {""type"": [""paper""], ""lexical"": {}, ""semantic"": [""research papers"", ""studying early uses of graphene"", ""referenced in the paper""], ""constant"": false}}","{('A', 'ANSWER'): ['paper___cites___paper'], ('ANSWER', 'B'): ['paper___has_topic___field_of_study'], ('A', 'B'): ['paper___has_topic___field_of_study']}",,"{'answer_list': [1292787, 1218866, 1470097, 1420823, 1870788, 1174715, 1329710, 1515264, 1561138, 1425778, 1409578, 1589975, 1331822, 1302682, 1482185, 1574503, 1373424, 1643582, 1296455, 1629920], 'answer_set': {1515264, 1470097, 1420823, 1302682, 1409578, 1329710, 1218866, 1561138, 1174715, 1643582, 1870788, 1296455, 1482185, 1589975, 1629920, 1574503, 1331822, 1373424, 1425778, 1292787}, 'ground_truth_set': {1515264, 1266340, 1263624, 1409578, 1329710, 1373424, 1425778, 1561138, 1534196, 1589975, 1302682, 1321855}, 'retrieved_ground_truths': {1515264, 1409578, 1329710, 1373424, 1425778, 1561138, 1589975, 1302682}, 'missed_ground_truths': {1263624, 1266340, 1321855, 1534196}, 'metrics': {'total_answers': 12, 'retrieved_count': 8, 'missed_count': 4, 'recall@50': 0.6666666666666666, 'recall@20': 0.6666666666666666, 'hit_at_1': 0.0, 'hit_at_5': 0.0, 'mrr': 0.14285714285714285}, 'vss_merged_metrics': {'total_answers': 12, 'retrieved_count': 6, 'missed_count': 6, 'recall@50': 0.5, 'recall@20': 0.5, 'hit_at_1': 0.0, 'hit_at_5': 0.0, 'mrr': 0.14285714285714285}}","[1292787, 1218866, 1470097, 1420823, 1870788, 1174715, 1329710, 1515264, 1561138, 1425778, 1409578, 1589975, 1331822, 1302682, 1482185, 1574503, 1373424, 1643582, 1296455, 1629920]","[1292787, 1218866, 1470097, 1420823, 1870788, 1174715, 1329710, 1515264, 1561138, 1425778, 1409578, 1589975, 1553950, 1186765, 1331822, 1644090, 1323816, 1767189, 1233216, 1612070]"
1576,Find papers authored by the same researchers as 'Thermotropic and lyotropic liquid crystalline phases of Guerbet branched-chain -D-glucosides' that explore the link between molecular structure and liquid crystalline properties.,"[1836037, 1225672, 1555340, 1570958, 1494160, 1400722, 1551959, 1679357]",IN_PROGRESS,"{""A"": {""type"": [""paper""], ""lexical"": {""title"": ""Thermotropic and lyotropic liquid crystalline phases of Guerbet branched-chain -D-glucosides""}, ""semantic"": [], ""constant"": true}, ""B"": {""type"": [""author""], ""lexical"": {}, ""semantic"": [], ""constant"": false}, ""C"": {""type"": [""field_of_study""], ""lexical"": {}, ""semantic"": [""molecular structure"", ""liquid crystalline properties""], ""constant"": false}, ""ANSWER"": {""type"": [""paper""], ""lexical"": {}, ""semantic"": [""link between molecular structure and liquid crystalline properties"", ""same researchers as Thermotropic and lyotropic liquid crystalline phases of Guerbet branched-chain -D-glucosides""], ""constant"": false}}","{('B', 'A'): ['author___writes___paper'], ('B', 'ANSWER'): ['author___writes___paper'], ('A', 'C'): ['paper___has_topic___field_of_study'], ('ANSWER', 'C'): ['paper___has_topic___field_of_study']}",,"{'answer_list': [1570958, 1400722, 1749294, 1871043, 1559940, 1363277, 1459224, 1450774, 1665026, 1628890, 1456471, 1604449, 1319158, 1776685, 1495810, 1508503, 1270036, 1225672, 1836037, 1448787], 'answer_set': {1665026, 1495810, 1559940, 1836037, 1570958, 1400722, 1270036, 1450774, 1508503, 1459224, 1776685, 1749294, 1871043, 1225672, 1363277, 1448787, 1456471, 1628890, 1604449, 1319158}, 'ground_truth_set': {1836037, 1225672, 1555340, 1570958, 1494160, 1400722, 1551959, 1679357}, 'retrieved_ground_truths': {1225672, 1400722, 1836037, 1570958}, 'missed_ground_truths': {1494160, 1555340, 1679357, 1551959}, 'metrics': {'total_answers': 8, 'retrieved_count': 4, 'missed_count': 4, 'recall@50': 0.5, 'recall@20': 0.5, 'hit_at_1': 1.0, 'hit_at_5': 1.0, 'mrr': 1.0}, 'vss_merged_metrics': {'total_answers': 8, 'retrieved_count': 4, 'missed_count': 4, 'recall@50': 0.5, 'recall@20': 0.5, 'hit_at_1': 1.0, 'hit_at_5': 1.0, 'mrr': 1.0}}","[1570958, 1400722, 1749294, 1871043, 1559940, 1363277, 1459224, 1450774, 1665026, 1628890, 1456471, 1604449, 1319158, 1776685, 1495810, 1508503, 1270036, 1225672, 1836037, 1448787]","[1570958, 1400722, 1749294, 1871043, 1559940, 1363277, 1459224, 1450774, 1665026, 1628890, 1456471, 1604449, 1551959, 1225672, 1346269, 1827241, 1306029, 1209590, 1728233, 1569449]"
12491,"Can you find more papers from the co-authors of ""Design of the Superconducting Extraction and Injection Quadrupole Doublet Modules for the SIS100 Heavy Ion Synchrotron""? I would like to focus on those discussing upcoming particle collider ventures.","[1596064, 1872965, 1869896, 1469000, 1862444, 1864143, 1861558, 1845436]",IN_PROGRESS,"{""A"": {""type"": [""paper""], ""lexical"": {""title"": ""Design of the Superconducting Extraction and Injection Quadrupole Doublet Modules for the SIS100 Heavy Ion Synchrotron""}, ""semantic"": [], ""constant"": true}, ""B"": {""type"": [""author""], ""lexical"": {}, ""semantic"": [""co-authors of Design of the Superconducting Extraction and Injection Quadrupole Doublet Modules for the SIS100 Heavy Ion Synchrotron""], ""constant"": false}, ""C"": {""type"": [""field_of_study""], ""lexical"": {""name"": ""particle collider ventures""}, ""semantic"": [], ""constant"": true}, ""ANSWER"": {""type"": [""paper""], ""lexical"": {}, ""semantic"": [""papers from co-authors"", ""upcoming particle collider ventures""], ""constant"": false}}","{('B', 'A'): ['author___writes___paper'], ('B', 'ANSWER'): ['author___writes___paper'], ('ANSWER', 'C'): ['paper___has_topic___field_of_study']}",,"{'answer_list': [1748661, 1602252, 1450287, 1798880, 1243223, 1250910, 1312459, 1872965, 1674874, 1332335, 1662310, 1559550, 1785977, 1852224, 1585757, 1285680, 1509645, 1665710, 1330943, 1342923], 'answer_set': {1509645, 1665710, 1450287, 1285680, 1748661, 1852224, 1872965, 1312459, 1602252, 1342923, 1243223, 1585757, 1250910, 1798880, 1662310, 1332335, 1785977, 1674874, 1559550, 1330943}, 'ground_truth_set': {1596064, 1872965, 1469000, 1869896, 1862444, 1864143, 1861558, 1845436}, 'retrieved_ground_truths': {1872965}, 'missed_ground_truths': {1596064, 1469000, 1869896, 1862444, 1864143, 1861558, 1845436}, 'metrics': {'total_answers': 8, 'retrieved_count': 1, 'missed_count': 7, 'recall@50': 0.125, 'recall@20': 0.125, 'hit_at_1': 0.0, 'hit_at_5': 0.0, 'mrr': 0.125}, 'vss_merged_metrics': {'total_answers': 8, 'retrieved_count': 1, 'missed_count': 7, 'recall@50': 0.125, 'recall@20': 0.125, 'hit_at_1': 0.0, 'hit_at_5': 0.0, 'mrr': 0.125}}","[1748661, 1602252, 1450287, 1798880, 1243223, 1250910, 1312459, 1872965, 1674874, 1332335, 1662310, 1559550, 1785977, 1852224, 1585757, 1285680, 1509645, 1665710, 1330943, 1342923]","[1748661, 1602252, 1450287, 1798880, 1243223, 1250910, 1312459, 1872965, 1674874, 1332335, 1662310, 1559550, 1390388, 1610990, 1258469, 1722949, 1312215, 1349735, 1634366, 1278630]"
9814,"Could you locate studies co-authored by the same individual(s) who contributed to ""Critical behaviors and phase diagrams of the mixed spin-1 and spin-7/2 Blume-Capel (BC) Ising model on the Bethe lattice (BL),"" that remain within the same field? Specifically, documents that similarly examine phases in a spin model?","[1831712, 1625667, 1449231, 1488913, 1854067, 1632789, 1557018, 1793818, 1780189]",IN_PROGRESS,"{""A"": {""type"": [""paper""], ""lexical"": {""title"": ""Critical behaviors and phase diagrams of the mixed spin-1 and spin-7/2 Blume-Capel (BC) Ising model on the Bethe lattice (BL)""}, ""semantic"": [], ""constant"": true}, ""B"": {""type"": [""author""], ""lexical"": {}, ""semantic"": [""same individual(s)""], ""constant"": false}, ""C"": {""type"": [""field_of_study""], ""lexical"": {""name"": ""spin model""}, ""semantic"": [""phases""], ""constant"": true}, ""ANSWER"": {""type"": [""paper""], ""lexical"": {}, ""semantic"": [""studies"", ""co-authored"", ""same field"", ""examine phases""], ""constant"": false}}","{('B', 'A'): ['author___writes___paper'], ('B', 'ANSWER'): ['author___writes___paper'], ('A', 'C'): ['paper___has_topic___field_of_study'], ('ANSWER', 'C'): ['paper___has_topic___field_of_study']}",,"{'answer_list': [1397579, 1817552, 1584132, 1182931, 1416900, 1273028, 1625423, 1343739, 1755799, 1547319, 1532540, 1205668, 1327849, 1813408, 1230161, 1831712, 1793818, 1557018, 1632789, 1780189], 'answer_set': {1584132, 1632789, 1755799, 1557018, 1793818, 1813408, 1831712, 1205668, 1547319, 1416900, 1273028, 1397579, 1625423, 1817552, 1230161, 1182931, 1780189, 1327849, 1343739, 1532540}, 'ground_truth_set': {1831712, 1625667, 1449231, 1488913, 1854067, 1632789, 1557018, 1793818, 1780189}, 'retrieved_ground_truths': {1831712, 1632789, 1557018, 1793818, 1780189}, 'missed_ground_truths': {1488913, 1854067, 1625667, 1449231}, 'metrics': {'total_answers': 9, 'retrieved_count': 5, 'missed_count': 4, 'recall@50': 0.5555555555555556, 'recall@20': 0.5555555555555556, 'hit_at_1': 0.0, 'hit_at_5': 0.0, 'mrr': 0.0625}, 'vss_merged_metrics': {'total_answers': 9, 'retrieved_count': 2, 'missed_count': 7, 'recall@50': 0.2222222222222222, 'recall@20': 0.2222222222222222, 'hit_at_1': 0.0, 'hit_at_5': 0.0, 'mrr': 0.07692307692307693}}","[1397579, 1817552, 1584132, 1182931, 1416900, 1273028, 1625423, 1343739, 1755799, 1547319, 1532540, 1205668, 1327849, 1813408, 1230161, 1831712, 1793818, 1557018, 1632789, 1780189]","[1397579, 1817552, 1584132, 1182931, 1416900, 1273028, 1625423, 1343739, 1755799, 1547319, 1532540, 1205668, 1632789, 1645443, 1557018, 1219228, 1448564, 1384313, 1765263, 1444724]"
2493,Are there any publications by Omsk State Transport University scholars on errors in Kramers' nuclear fission formulas?,"[1258081, 1456971, 1242857]",IN_PROGRESS,"{""A"": {""type"": [""institution""], ""lexical"": {""name"": ""Omsk State Transport University""}, ""semantic"": [], ""constant"": true}, ""B"": {""type"": [""author""], ""lexical"": {}, ""semantic"": [""Omsk State Transport University scholars""], ""constant"": false}, ""C"": {""type"": [""field_of_study""], ""lexical"": {""name"": ""Kramers' nuclear fission formulas""}, ""semantic"": [""errors in Kramers' nuclear fission formulas""], ""constant"": true}, ""ANSWER"": {""type"": [""paper""], ""lexical"": {}, ""semantic"": [""publications"", ""errors in Kramers' nuclear fission formulas"", ""Omsk State Transport University scholars""], ""constant"": false}}","{('A', 'B'): ['author___affiliated_with___institution'], ('B', 'ANSWER'): ['author___writes___paper'], ('ANSWER', 'C'): ['paper___has_topic___field_of_study']}",,"{'answer_list': [1808850, 1395094, 1263885, 1293977, 1353420, 1503626, 1393209, 1764759, 1775286, 1524416, 1459587, 1524270, 1685119, 1618195, 1455789, 1391931, 1301996, 1236653, 1274296, 1287293], 'answer_set': {1459587, 1503626, 1263885, 1618195, 1395094, 1764759, 1293977, 1455789, 1524270, 1236653, 1775286, 1274296, 1393209, 1391931, 1524416, 1353420, 1808850, 1301996, 1287293, 1685119}, 'ground_truth_set': {1258081, 1456971, 1242857}, 'retrieved_ground_truths': set(), 'missed_ground_truths': {1258081, 1456971, 1242857}, 'metrics': {'total_answers': 3, 'retrieved_count': 0, 'missed_count': 3, 'recall@50': 0.0, 'recall@20': 0.0, 'hit_at_1': 0.0, 'hit_at_5': 0.0, 'mrr': 0.0}, 'vss_merged_metrics': {'total_answers': 3, 'retrieved_count': 2, 'missed_count': 1, 'recall@50': 0.6666666666666666, 'recall@20': 0.6666666666666666, 'hit_at_1': 0.0, 'hit_at_5': 0.0, 'mrr': 0.07142857142857142}}","[1808850, 1395094, 1263885, 1293977, 1353420, 1503626, 1393209, 1764759, 1775286, 1524416, 1459587, 1524270, 1685119, 1618195, 1455789, 1391931, 1301996, 1236653, 1274296, 1287293]","[1808850, 1395094, 1263885, 1293977, 1353420, 1503626, 1393209, 1764759, 1775286, 1524416, 1459587, 1524270, 1764925, 1258081, 1308963, 1456971, 1280902, 1523018, 1451328, 1767901]"
8199,I'm looking for papers that have at least one shared author with 'Design and Analysis of a Field-Modulated Tubular Linear Permanent Magnet Generator for Direct-Drive Wave Energy Conversion'. These papers should propose a magnet generator structure that is similar to the one discussed in the initial paper and should also be within the field of wave energy conversion.,"[1510720, 1460161, 1524802, 1401221, 1728198, 1729419, 1312333, 1335604, 1385883, 1732316]",IN_PROGRESS,"{""A"": {""type"": [""paper""], ""lexical"": {""title"": ""Design and Analysis of a Field-Modulated Tubular Linear Permanent Magnet Generator for Direct-Drive Wave Energy Conversion""}, ""semantic"": [], ""constant"": true}, ""B"": {""type"": [""author""], ""lexical"": {}, ""semantic"": [], ""constant"": false}, ""C"": {""type"": [""field_of_study""], ""lexical"": {""name"": ""wave energy conversion""}, ""semantic"": [], ""constant"": true}, ""ANSWER"": {""type"": [""paper""], ""lexical"": {}, ""semantic"": [""similar magnet generator structure"", ""wave energy conversion"", ""shared author""], ""constant"": false}}","{('B', 'A'): ['author___writes___paper'], ('B', 'ANSWER'): ['author___writes___paper'], ('A', 'C'): ['paper___has_topic___field_of_study'], ('ANSWER', 'C'): ['paper___has_topic___field_of_study']}",,"{'answer_list': [1729419, 1732316, 1684720, 1385883, 1401221, 1733409, 1764509, 1609613, 1452353, 1759923, 1524802, 1749895, 1287030, 1759930, 1597078, 1524673, 1571310, 1195579, 1373303, 1335604], 'answer_set': {1401221, 1749895, 1729419, 1609613, 1597078, 1385883, 1764509, 1733409, 1759923, 1335604, 1759930, 1195579, 1452353, 1524802, 1524673, 1732316, 1571310, 1684720, 1287030, 1373303}, 'ground_truth_set': {1510720, 1460161, 1524802, 1401221, 1728198, 1729419, 1312333, 1335604, 1385883, 1732316}, 'retrieved_ground_truths': {1524802, 1401221, 1729419, 1335604, 1385883, 1732316}, 'missed_ground_truths': {1510720, 1460161, 1312333, 1728198}, 'metrics': {'total_answers': 10, 'retrieved_count': 6, 'missed_count': 4, 'recall@50': 0.6, 'recall@20': 0.6, 'hit_at_1': 1.0, 'hit_at_5': 1.0, 'mrr': 1.0}, 'vss_merged_metrics': {'total_answers': 10, 'retrieved_count': 6, 'missed_count': 4, 'recall@50': 0.6, 'recall@20': 0.6, 'hit_at_1': 1.0, 'hit_at_5': 1.0, 'mrr': 1.0}}","[1729419, 1732316, 1684720, 1385883, 1401221, 1733409, 1764509, 1609613, 1452353, 1759923, 1524802, 1749895, 1287030, 1759930, 1597078, 1524673, 1571310, 1195579, 1373303, 1335604]","[1729419, 1732316, 1684720, 1385883, 1401221, 1733409, 1764509, 1609613, 1452353, 1759923, 1524802, 1749895, 1460161, 1593106, 1728819, 1582633, 1564908, 1606379, 1326981, 1173791]"
789,"Show me the papers written by co-authors of 'Resolution modeling in PET imaging: Theory, practice, benefits, and pitfalls' that focus on the use of tapered scintillator arrays for resolution enhancement.","[1458144, 1458680, 1654940]",IN_PROGRESS,"{""A"": {""type"": [""paper""], ""lexical"": {""title"": ""Resolution modeling in PET imaging: Theory, practice, benefits, and pitfalls""}, ""semantic"": [], ""constant"": true}, ""B"": {""type"": [""author""], ""lexical"": {}, ""semantic"": [""co-authors of 'Resolution modeling in PET imaging: Theory, practice, benefits, and pitfalls'""], ""constant"": false}, ""C"": {""type"": [""field_of_study""], ""lexical"": {}, ""semantic"": [""use of tapered scintillator arrays for resolution enhancement""], ""constant"": false}, ""ANSWER"": {""type"": [""paper""], ""lexical"": {}, ""semantic"": [""papers written by co-authors of 'Resolution modeling in PET imaging: Theory, practice, benefits, and pitfalls'"", ""use of tapered scintillator arrays for resolution enhancement""], ""constant"": false}}","{('B', 'A'): ['author___writes___paper'], ('B', 'ANSWER'): ['author___writes___paper'], ('ANSWER', 'C'): ['paper___has_topic___field_of_study']}",,"{'answer_list': [1451019, 1683211, 1558788, 1369290, 1411993, 1531950, 1494014, 1249660, 1269667, 1193067, 1742112, 1571547, 1657678, 1394435, 1448591, 1525817, 1253227, 1481534, 1497679, 1582531], 'answer_set': {1394435, 1558788, 1683211, 1451019, 1448591, 1411993, 1742112, 1269667, 1531950, 1525817, 1481534, 1582531, 1369290, 1657678, 1497679, 1571547, 1193067, 1253227, 1249660, 1494014}, 'ground_truth_set': {1458144, 1458680, 1654940}, 'retrieved_ground_truths': set(), 'missed_ground_truths': {1458144, 1458680, 1654940}, 'metrics': {'total_answers': 3, 'retrieved_count': 0, 'missed_count': 3, 'recall@50': 0.0, 'recall@20': 0.0, 'hit_at_1': 0.0, 'hit_at_5': 0.0, 'mrr': 0.0}, 'vss_merged_metrics': {'total_answers': 3, 'retrieved_count': 0, 'missed_count': 3, 'recall@50': 0.0, 'recall@20': 0.0, 'hit_at_1': 0.0, 'hit_at_5': 0.0, 'mrr': 0.0}}","[1451019, 1683211, 1558788, 1369290, 1411993, 1531950, 1494014, 1249660, 1269667, 1193067, 1742112, 1571547, 1657678, 1394435, 1448591, 1525817, 1253227, 1481534, 1497679, 1582531]","[1451019, 1683211, 1558788, 1369290, 1411993, 1531950, 1494014, 1249660, 1269667, 1193067, 1742112, 1571547, 1480636, 1682484, 1651441, 1267610, 1734648, 1813385, 1649037, 1434852]"
7917,Find articles by Moshe Rozali on the dynamics of driven field theories on Arxiv.,"[1613169, 1755508, 1533999]",IN_PROGRESS,"{""A"": {""type"": [""author""], ""lexical"": {""name"": ""Moshe Rozali""}, ""semantic"": [], ""constant"": true}, ""B"": {""type"": [""field_of_study""], ""lexical"": {""name"": ""dynamics of driven field theories""}, ""semantic"": [], ""constant"": true}, ""C"": {""type"": [""institution""], ""lexical"": {""name"": ""Arxiv""}, ""semantic"": [], ""constant"": true}, ""ANSWER"": {""type"": [""paper""], ""lexical"": {}, ""semantic"": [""articles"", ""dynamics of driven field theories"", ""by Moshe Rozali"", ""on Arxiv""], ""constant"": false}}","{('A', 'ANSWER'): ['author___writes___paper'], ('ANSWER', 'B'): ['paper___has_topic___field_of_study'], ('A', 'C'): ['author___affiliated_with___institution'], ('ANSWER', 'C'): ['author___affiliated_with___institution']}",,"{'answer_list': [1533999, 1826355, 1284505, 1174268, 1554838, 1183143, 1710705, 1525725, 1870181, 1542447, 1749353, 1613169, 1735658, 1564537, 1253273, 1275294, 1752834, 1233380, 1266855, 1495870], 'answer_set': {1752834, 1554838, 1284505, 1253273, 1275294, 1183143, 1266855, 1533999, 1542447, 1826355, 1495870, 1525725, 1233380, 1870181, 1749353, 1735658, 1710705, 1613169, 1564537, 1174268}, 'ground_truth_set': {1613169, 1755508, 1533999}, 'retrieved_ground_truths': {1613169, 1533999}, 'missed_ground_truths': {1755508}, 'metrics': {'total_answers': 3, 'retrieved_count': 2, 'missed_count': 1, 'recall@50': 0.6666666666666666, 'recall@20': 0.6666666666666666, 'hit_at_1': 1.0, 'hit_at_5': 1.0, 'mrr': 1.0}, 'vss_merged_metrics': {'total_answers': 3, 'retrieved_count': 2, 'missed_count': 1, 'recall@50': 0.6666666666666666, 'recall@20': 0.6666666666666666, 'hit_at_1': 1.0, 'hit_at_5': 1.0, 'mrr': 1.0}}","[1533999, 1826355, 1284505, 1174268, 1554838, 1183143, 1710705, 1525725, 1870181, 1542447, 1749353, 1613169, 1735658, 1564537, 1253273, 1275294, 1752834, 1233380, 1266855, 1495870]","[1533999, 1826355, 1284505, 1174268, 1554838, 1183143, 1710705, 1525725, 1870181, 1542447, 1749353, 1613169, 1574800, 1571733, 1327972, 1606857, 1608101, 1602214, 1750129, 1794599]"
5650,Could you show me some research papers that explore generating multiple wavelengths using Barium nitrate in their studies?,"[1393508, 1365940, 1350135]",IN_PROGRESS,"{""A"": {""type"": [""paper""], ""lexical"": {}, ""semantic"": [""research papers"", ""generating multiple wavelengths"", ""using Barium nitrate""], ""constant"": false}, ""B"": {""type"": [""field_of_study""], ""lexical"": {}, ""semantic"": [""generating multiple wavelengths"", ""studies using Barium nitrate""], ""constant"": false}, ""C"": {""type"": [""author""], ""lexical"": {}, ""semantic"": [], ""constant"": false}, ""D"": {""type"": [""institution""], ""lexical"": {}, ""semantic"": [], ""constant"": false}, ""ANSWER"": {""type"": [""paper""], ""lexical"": {}, ""semantic"": [""research papers that explore generating multiple wavelengths using Barium nitrate""], ""constant"": false}, ""E"": {""type"": [""field_of_study""], ""lexical"": {""name"": ""Barium nitrate studies""}, ""semantic"": [""chemical research"", ""physics""], ""constant"": true}}","{('C', 'A'): ['author___writes___paper'], ('C', 'ANSWER'): ['author___writes___paper'], ('A', 'B'): ['paper___has_topic___field_of_study'], ('A', 'E'): ['paper___has_topic___field_of_study'], ('ANSWER', 'B'): ['paper___has_topic___field_of_study'], ('ANSWER', 'E'): ['paper___has_topic___field_of_study'], ('C', 'D'): ['author___affiliated_with___institution']}",,"{'answer_list': [1393508, 1365940, 1395635, 1261284, 1350135, 1624383, 1402804, 1450564, 1758827, 1806387, 1818793, 1260578, 1672235, 1185397, 1297396, 1434896, 1428011, 1300654, 1561193, 1352832], 'answer_set': {1352832, 1434896, 1260578, 1818793, 1672235, 1428011, 1300654, 1395635, 1365940, 1402804, 1806387, 1624383, 1450564, 1261284, 1393508, 1561193, 1758827, 1297396, 1185397, 1350135}, 'ground_truth_set': {1365940, 1393508, 1350135}, 'retrieved_ground_truths': {1393508, 1365940, 1350135}, 'missed_ground_truths': set(), 'metrics': {'total_answers': 3, 'retrieved_count': 3, 'missed_count': 0, 'recall@50': 1.0, 'recall@20': 1.0, 'hit_at_1': 1.0, 'hit_at_5': 1.0, 'mrr': 1.0}, 'vss_merged_metrics': {'total_answers': 3, 'retrieved_count': 3, 'missed_count': 0, 'recall@50': 1.0, 'recall@20': 1.0, 'hit_at_1': 1.0, 'hit_at_5': 1.0, 'mrr': 1.0}}","[1393508, 1365940, 1395635, 1261284, 1350135, 1624383, 1402804, 1450564, 1758827, 1806387, 1818793, 1260578, 1672235, 1185397, 1297396, 1434896, 1428011, 1300654, 1561193, 1352832]","[1393508, 1365940, 1395635, 1261284, 1350135, 1624383, 1402804, 1450564, 1758827, 1806387, 1818793, 1260578, 1289814, 1209191, 1695045, 1283114, 1259312, 1291672, 1686924, 1436550]"
5332,Which scholarly articles are there from Athabasca University that focus on the examination and interpretation of auroral images?,"[1256136, 1323386, 1596085, 1703326]",IN_PROGRESS,"{""A"": {""type"": [""institution""], ""lexical"": {""name"": ""Athabasca University""}, ""semantic"": [], ""constant"": true}, ""B"": {""type"": [""field_of_study""], ""lexical"": {}, ""semantic"": [""examination and interpretation of auroral images""], ""constant"": false}, ""ANSWER"": {""type"": [""paper""], ""lexical"": {}, ""semantic"": [""scholarly articles"", ""from Athabasca University"", ""focus on auroral images""], ""constant"": false}}","{('A', 'ANSWER'): ['author___affiliated_with___institution'], ('ANSWER', 'B'): ['paper___has_topic___field_of_study']}",,"{'answer_list': [1348989, 1596085, 1673671, 1206730, 1352542, 1282996, 1294010, 1570627, 1768510, 1565475, 1300391, 1711553, 1458861, 1483830, 1652532, 1556255, 1486253, 1306868, 1833082, 1595677], 'answer_set': {1595677, 1556255, 1565475, 1300391, 1458861, 1486253, 1282996, 1596085, 1483830, 1652532, 1294010, 1768510, 1711553, 1570627, 1673671, 1206730, 1352542, 1306868, 1833082, 1348989}, 'ground_truth_set': {1256136, 1323386, 1596085, 1703326}, 'retrieved_ground_truths': {1596085}, 'missed_ground_truths': {1256136, 1323386, 1703326}, 'metrics': {'total_answers': 4, 'retrieved_count': 1, 'missed_count': 3, 'recall@50': 0.25, 'recall@20': 0.25, 'hit_at_1': 0.0, 'hit_at_5': 1.0, 'mrr': 0.5}, 'vss_merged_metrics': {'total_answers': 4, 'retrieved_count': 1, 'missed_count': 3, 'recall@50': 0.25, 'recall@20': 0.25, 'hit_at_1': 0.0, 'hit_at_5': 1.0, 'mrr': 0.5}}","[1348989, 1596085, 1673671, 1206730, 1352542, 1282996, 1294010, 1570627, 1768510, 1565475, 1300391, 1711553, 1458861, 1483830, 1652532, 1556255, 1486253, 1306868, 1833082, 1595677]","[1348989, 1596085, 1673671, 1206730, 1352542, 1282996, 1294010, 1570627, 1768510, 1565475, 1300391, 1711553, 1383279, 1556255, 1547186, 1248280, 1185308, 1412267, 1464473, 1458861]"
4001,Are there any Meteorology research papers from Central Queensland University that concentrate on rainfall forecasting?,"[1762594, 1677874, 1217998]",IN_PROGRESS,"{""A"": {""type"": [""institution""], ""lexical"": {""name"": ""Central Queensland University""}, ""semantic"": [], ""constant"": true}, ""B"": {""type"": [""field_of_study""], ""lexical"": {""name"": ""Meteorology""}, ""semantic"": [], ""constant"": true}, ""C"": {""type"": [""field_of_study""], ""lexical"": {""name"": ""rainfall forecasting""}, ""semantic"": [], ""constant"": true}, ""ANSWER"": {""type"": [""paper""], ""lexical"": {}, ""semantic"": [""Meteorology research papers"", ""concentrate on rainfall forecasting""], ""constant"": false}}","{('A', 'ANSWER'): ['author___affiliated_with___institution'], ('B', 'ANSWER'): ['paper___has_topic___field_of_study'], ('C', 'ANSWER'): ['paper___has_topic___field_of_study'], ('B', 'C'): ['paper___has_topic___field_of_study']}",,"{'answer_list': [1872818, 1461899, 1619732, 1561344, 1781953, 1250425, 1712943, 1476448, 1345276, 1363430, 1339339, 1189278, 1528609, 1451283, 1590096, 1602652, 1663685, 1732655, 1787568, 1498645], 'answer_set': {1561344, 1461899, 1451283, 1619732, 1498645, 1189278, 1528609, 1712943, 1732655, 1787568, 1872818, 1781953, 1663685, 1339339, 1590096, 1602652, 1476448, 1363430, 1250425, 1345276}, 'ground_truth_set': {1762594, 1677874, 1217998}, 'retrieved_ground_truths': set(), 'missed_ground_truths': {1762594, 1677874, 1217998}, 'metrics': {'total_answers': 3, 'retrieved_count': 0, 'missed_count': 3, 'recall@50': 0.0, 'recall@20': 0.0, 'hit_at_1': 0.0, 'hit_at_5': 0.0, 'mrr': 0.0}, 'vss_merged_metrics': {'total_answers': 3, 'retrieved_count': 0, 'missed_count': 3, 'recall@50': 0.0, 'recall@20': 0.0, 'hit_at_1': 0.0, 'hit_at_5': 0.0, 'mrr': 0.0}}","[1872818, 1461899, 1619732, 1561344, 1781953, 1250425, 1712943, 1476448, 1345276, 1363430, 1339339, 1189278, 1528609, 1451283, 1590096, 1602652, 1663685, 1732655, 1787568, 1498645]","[1872818, 1461899, 1619732, 1561344, 1781953, 1250425, 1712943, 1476448, 1345276, 1363430, 1339339, 1189278, 1726467, 1520758, 1420255, 1261546, 1608751, 1826208, 1181810, 1762207]"
